{"name":"a0dcbdcc-df6d-4f10-bd56-81e1016d2354","id":"/providers/Microsoft.Flow/flows/a0dcbdcc-df6d-4f10-bd56-81e1016d2354","type":"Microsoft.Flow/flows","properties":{"apiId":"/providers/Microsoft.PowerApps/apis/shared_logicflows","displayName":"Step 3: NEW Automatic SQL Daily Labor & Sales","definition":{"metadata":{"workflowEntityId":null,"processAdvisorMetadata":null,"flowChargedByPaygo":null,"flowclientsuspensionreason":"None","flowclientsuspensiontime":null,"flowclientsuspensionreasondetails":null,"creator":{"id":"bda0a41f-632a-458d-9005-3f577f6a47c9","type":"User","tenantId":"7e761206-66fa-448b-a3e6-6c0660e38ed5"},"provisioningMethod":"FromDefinition","failureAlertSubscription":true,"clientLastModifiedTime":"2024-04-03T03:41:18.8769315Z","connectionKeySavedTimeKey":"2024-04-03T03:41:18.8769315Z"},"$schema":"https://schema.management.azure.com/providers/Microsoft.Logic/schemas/2016-06-01/workflowdefinition.json#","contentVersion":"1.0.0.0","parameters":{"$connections":{"defaultValue":{},"type":"Object"},"$authentication":{"defaultValue":{},"type":"SecureObject"}},"triggers":{"Recurrence":{"recurrence":{"frequency":"Day","interval":1,"timeZone":"Central Standard Time","schedule":{"hours":["4"],"minutes":[30]}},"metadata":{"operationMetadataId":"7d39af3f-f8c7-4640-9477-e1d61251261f"},"type":"Recurrence"}},"actions":{"Execute_stored_procedure_(V2)":{"runAfter":{"Apply_to_each_2":["Succeeded"]},"metadata":{"flowSystemMetadata":{"swaggerOperationId":"ExecuteProcedure_V2"},"operationMetadataId":"22ec93c1-0179-411c-bc9f-8d7a50ea7421"},"type":"ApiConnection","inputs":{"host":{"connection":{"name":"@parameters('$connections')['shared_sql_1']['connectionId']"},"api":{"runtimeUrl":"https://flow-apim-msmanaged-na-eastus2-01.azure-apim.net/apim/sql"}},"method":"post","body":{},"path":"/v2/datasets/@{encodeURIComponent(encodeURIComponent('default'))},@{encodeURIComponent(encodeURIComponent('ATS'))}/procedures/@{encodeURIComponent(encodeURIComponent('[dbo].[spR_Publish_LaborImport]'))}","authentication":"@parameters('$authentication')"}},"Execute_stored_procedure_(V2)_2":{"runAfter":{"Apply_to_each":["Succeeded"]},"metadata":{"flowSystemMetadata":{"swaggerOperationId":"ExecuteProcedure_V2"},"operationMetadataId":"0a849d6a-e3a5-4098-bac5-935a818a6e5b"},"type":"ApiConnection","inputs":{"host":{"connection":{"name":"@parameters('$connections')['shared_sql_1']['connectionId']"},"api":{"runtimeUrl":"https://flow-apim-msmanaged-na-eastus2-01.azure-apim.net/apim/sql"}},"method":"post","body":{},"path":"/v2/datasets/@{encodeURIComponent(encodeURIComponent('default'))},@{encodeURIComponent(encodeURIComponent('ATS'))}/procedures/@{encodeURIComponent(encodeURIComponent('[dbo].[spR_Publish_ActualsImport]'))}","authentication":"@parameters('$authentication')"}},"Execute_stored_procedure_(V2)_3":{"runAfter":{"Execute_stored_procedure_(V2)_4":["Succeeded"]},"metadata":{"flowSystemMetadata":{"swaggerOperationId":"ExecuteProcedure_V2"},"operationMetadataId":"c6a75280-80bd-41b9-9868-ba627faf706d"},"type":"ApiConnection","inputs":{"host":{"connection":{"name":"@parameters('$connections')['shared_sql_1']['connectionId']"},"api":{"runtimeUrl":"https://flow-apim-msmanaged-na-eastus2-01.azure-apim.net/apim/sql"}},"method":"post","path":"/v2/datasets/@{encodeURIComponent(encodeURIComponent('default'))},@{encodeURIComponent(encodeURIComponent('ATS'))}/procedures/@{encodeURIComponent(encodeURIComponent('[dbo].[USR_ADMIN_REFRESH_SCORECARD]'))}","authentication":"@parameters('$authentication')"}},"Delay":{"runAfter":{"Refresh_Operations_Reports_Dataset":["Succeeded"]},"metadata":{"operationMetadataId":"b028f062-f09f-448b-81d0-4f9345194309"},"type":"Wait","inputs":{"interval":{"count":15,"unit":"Minute"}}},"Send_an_email_(V2)":{"runAfter":{"Delay":["Succeeded"]},"metadata":{"flowSystemMetadata":{"swaggerOperationId":"SendEmailV2"},"operationMetadataId":"e978e138-aa22-45b4-b0c0-9abe777e31f9"},"type":"ApiConnection","inputs":{"host":{"connection":{"name":"@parameters('$connections')['shared_office365']['connectionId']"},"api":{"runtimeUrl":"https://flow-apim-msmanaged-na-eastus2-01.azure-apim.net/apim/office365"}},"method":"post","body":{"To":"cwcusumano@gmail.com","Subject":"PowerAutomate's Automatic SQL Daily Labor & Sales Complete","Body":"<p>The PowerAutomate flow 'Automatic SQL Daily Labor &amp; Sales' completed successfully!</p>","Importance":"High"},"path":"/v2/Mail","authentication":"@parameters('$authentication')"}},"Execute_stored_procedure_(V2)_4":{"runAfter":{"Execute_stored_procedure_(V2)_2":["Succeeded"],"Execute_stored_procedure_(V2)":["Succeeded"]},"metadata":{"flowSystemMetadata":{"swaggerOperationId":"ExecuteProcedure_V2"},"operationMetadataId":"ea4f7778-a8fa-4e12-a5c7-c225a09e2ddd"},"type":"ApiConnection","inputs":{"host":{"connection":{"name":"@parameters('$connections')['shared_sql_1']['connectionId']"},"api":{"runtimeUrl":"https://flow-apim-msmanaged-na-eastus2-01.azure-apim.net/apim/sql"}},"method":"post","body":{},"path":"/v2/datasets/@{encodeURIComponent(encodeURIComponent('default'))},@{encodeURIComponent(encodeURIComponent('ATS'))}/procedures/@{encodeURIComponent(encodeURIComponent('[dbo].[USR_ADMIN_UPDATE_APP_VARIABLES]'))}","authentication":"@parameters('$authentication')"}},"Delete_DML_Triggers_2":{"runAfter":{},"metadata":{"flowSystemMetadata":{"swaggerOperationId":"ExecuteProcedure_V2"},"operationMetadataId":"c224067c-ddbe-486d-b681-31128ffbb3cb"},"type":"ApiConnection","inputs":{"host":{"connection":{"name":"@parameters('$connections')['shared_sql_1']['connectionId']"},"api":{"runtimeUrl":"https://flow-apim-msmanaged-na-eastus2-01.azure-apim.net/apim/sql"}},"method":"post","body":{},"path":"/v2/datasets/@{encodeURIComponent(encodeURIComponent('default'))},@{encodeURIComponent(encodeURIComponent('ATS'))}/procedures/@{encodeURIComponent(encodeURIComponent('[dbo].[sp_ATS_PowerAutomate_DMLTriggerDrop]'))}","authentication":"@parameters('$authentication')"}},"Delete_DML_Triggers_3":{"runAfter":{},"metadata":{"flowSystemMetadata":{"swaggerOperationId":"ExecuteProcedure_V2"},"operationMetadataId":"6304664f-c677-4d63-86e0-fff11f822198"},"type":"ApiConnection","inputs":{"host":{"connection":{"name":"@parameters('$connections')['shared_sql_1']['connectionId']"},"api":{"runtimeUrl":"https://flow-apim-msmanaged-na-eastus2-01.azure-apim.net/apim/sql"}},"method":"post","body":{},"path":"/v2/datasets/@{encodeURIComponent(encodeURIComponent('default'))},@{encodeURIComponent(encodeURIComponent('ATS'))}/procedures/@{encodeURIComponent(encodeURIComponent('[dbo].[sp_ATS_PowerAutomate_DMLTriggerDrop]'))}","authentication":"@parameters('$authentication')"}},"Refresh_Operations_Reports_Dataset":{"runAfter":{"Delay_2":["Succeeded"]},"metadata":{"operationMetadataId":"22fe1bc4-ba67-4779-b206-7c11e0a758c9","flowSystemMetadata":{"swaggerOperationId":"RefreshDataset"}},"type":"ApiConnection","inputs":{"host":{"connection":{"name":"@parameters('$connections')['shared_powerbi']['connectionId']"},"api":{"runtimeUrl":"https://flow-apim-msmanaged-na-eastus2-01.azure-apim.net/apim/powerbi"}},"method":"post","path":"/v1.0/myorg/groups/@{encodeURIComponent('b77f8560-476f-47d6-8e3e-5ddd6a1fc66a')}/datasets/@{encodeURIComponent('c43afb76-8268-4fc3-8046-c40f2b7b6381')}/refreshes","queries":{"pbi_source":"powerAutomate"},"authentication":"@parameters('$authentication')"}},"Delay_2":{"runAfter":{"Execute_stored_procedure_(V2)_3":["Succeeded"]},"metadata":{"operationMetadataId":"b6f8ec1c-a644-407d-bb17-a72dee196a80"},"type":"Wait","inputs":{"interval":{"count":4,"unit":"Minute"}}},"Run_a_query_against_a_dataset_-_Sales":{"runAfter":{"Delete_DML_Triggers_3":["Succeeded","Failed","Skipped","TimedOut"]},"metadata":{"operationMetadataId":"bb997261-d2d5-43fb-9139-f4d521049fc0"},"type":"OpenApiConnection","inputs":{"host":{"apiId":"/providers/Microsoft.PowerApps/apis/shared_powerbi","connectionName":"shared_powerbi","operationId":"ExecuteDatasetQuery"},"parameters":{"groupid":"myworkspace","datasetid":"27fab382-001f-474a-9a2f-0033af2e2dfb","specification/query":"DEFINE\n\tVAR __DS0Core = \n\t\tSUMMARIZECOLUMNS(\n\t\t\t'Final Import for SQL'[Oasis Dimensions.Account ID],\n\t\t\t'Final Import for SQL'[Oasis Dimensions.Aircraft Type ID],\n\t\t\t'Final Import for SQL'[Oasis Dimensions.CustomerID],\n\t\t\t'Final Import for SQL'[Oasis Dimensions.Scenario ID],\n\t\t\t'Final Import for SQL'[Oasis Dimensions.ServiceID],\n\t\t\t'Final Import for SQL'[Oasis Dimensions.StationID],\n\t\t\t'Final Import for SQL'[Oasis Dimensions.TimeID],\n\t\t\t'Final Import for SQL'[Value])\n\nEVALUATE\n\t__DS0Core\n\nORDER BY\n\t'Final Import for SQL'[Oasis Dimensions.Account ID],\n\t'Final Import for SQL'[Oasis Dimensions.Aircraft Type ID],\n\t'Final Import for SQL'[Oasis Dimensions.CustomerID],\n\t'Final Import for SQL'[Oasis Dimensions.Scenario ID],\n\t'Final Import for SQL'[Oasis Dimensions.ServiceID],\n\t'Final Import for SQL'[Oasis Dimensions.StationID],\n\t'Final Import for SQL'[Oasis Dimensions.TimeID]\n","specification/serializerSettings/includeNulls":false},"authentication":"@parameters('$authentication')"}},"Parse_JSON":{"runAfter":{"Run_a_query_against_a_dataset_-_Sales":["Succeeded"]},"metadata":{"operationMetadataId":"c9669a87-00eb-41eb-8cbc-b5404eab618c"},"type":"ParseJson","inputs":{"content":"@body('Run_a_query_against_a_dataset_-_Sales')","schema":{"type":"object","properties":{"statusCode":{"type":"integer"},"headers":{"type":"object","properties":{"Cache-Control":{"type":"string"},"Pragma":{"type":"string"},"Transfer-Encoding":{"type":"string"},"Strict-Transport-Security":{"type":"string"},"X-Frame-Options":{"type":"string"},"X-Content-Type-Options":{"type":"string"},"RequestId":{"type":"string"},"Access-Control-Expose-Headers":{"type":"string"},"Timing-Allow-Origin":{"type":"string"},"x-ms-apihub-cached-response":{"type":"string"},"x-ms-apihub-obo":{"type":"string"},"Date":{"type":"string"},"Content-Type":{"type":"string"},"Content-Length":{"type":"string"}}},"body":{"type":"object","properties":{"results":{"type":"array","items":{"type":"object","properties":{"tables":{"type":"array","items":{"type":"object","properties":{"rows":{"type":"array","items":{"type":"object","properties":{"Final Import for SQL[Oasis Dimensions.Account ID]":{"type":"integer"},"Final Import for SQL[Oasis Dimensions.Aircraft Type ID]":{"type":"integer"},"Final Import for SQL[Oasis Dimensions.CustomerID]":{"type":"integer"},"Final Import for SQL[Oasis Dimensions.Scenario ID]":{"type":"integer"},"Final Import for SQL[Oasis Dimensions.ServiceID]":{"type":"integer"},"Final Import for SQL[Oasis Dimensions.StationID]":{"type":"integer"},"Final Import for SQL[Oasis Dimensions.TimeID]":{"type":"integer"},"Final Import for SQL[Value]":{"type":"number"}},"required":["Final Import for SQL[Oasis Dimensions.Account ID]","Final Import for SQL[Oasis Dimensions.Aircraft Type ID]","Final Import for SQL[Oasis Dimensions.CustomerID]","Final Import for SQL[Oasis Dimensions.Scenario ID]","Final Import for SQL[Oasis Dimensions.ServiceID]","Final Import for SQL[Oasis Dimensions.StationID]","Final Import for SQL[Oasis Dimensions.TimeID]","Final Import for SQL[Value]"]}}},"required":["rows"]}}},"required":["tables"]}},"firstTableRows":{"type":"array","items":{"type":"object","properties":{"Final Import for SQL[Oasis Dimensions.Account ID]":{"type":"integer"},"Final Import for SQL[Oasis Dimensions.Aircraft Type ID]":{"type":"integer"},"Final Import for SQL[Oasis Dimensions.CustomerID]":{"type":"integer"},"Final Import for SQL[Oasis Dimensions.Scenario ID]":{"type":"integer"},"Final Import for SQL[Oasis Dimensions.ServiceID]":{"type":"integer"},"Final Import for SQL[Oasis Dimensions.StationID]":{"type":"integer"},"Final Import for SQL[Oasis Dimensions.TimeID]":{"type":"integer"},"Final Import for SQL[Value]":{"type":"number"}},"required":["Final Import for SQL[Oasis Dimensions.Account ID]","Final Import for SQL[Oasis Dimensions.Aircraft Type ID]","Final Import for SQL[Oasis Dimensions.CustomerID]","Final Import for SQL[Oasis Dimensions.Scenario ID]","Final Import for SQL[Oasis Dimensions.ServiceID]","Final Import for SQL[Oasis Dimensions.StationID]","Final Import for SQL[Oasis Dimensions.TimeID]","Final Import for SQL[Value]"]}}}}}}}},"Apply_to_each":{"foreach":"@body('Parse_JSON')?['firstTableRows']","actions":{"Insert_row_(V2)":{"runAfter":{},"metadata":{"operationMetadataId":"54f9ad41-c2f8-4ef3-aac4-bf3123e9c811"},"type":"OpenApiConnection","inputs":{"host":{"apiId":"/providers/Microsoft.PowerApps/apis/shared_sql","connectionName":"shared_sql_1","operationId":"PostItem_V2"},"parameters":{"server":"default","database":"default","table":"F_Target Sales Variance_CoreMG_Import Data","item/AccountId":"@items('Apply_to_each')?['Final Import for SQL[Oasis Dimensions.Account ID]']","item/TimeId":"@items('Apply_to_each')?['Final Import for SQL[Oasis Dimensions.TimeID]']","item/CustomerId":"@items('Apply_to_each')?['Final Import for SQL[Oasis Dimensions.CustomerID]']","item/ScenarioId":"@items('Apply_to_each')?['Final Import for SQL[Oasis Dimensions.Scenario ID]']","item/ServiceId":"@items('Apply_to_each')?['Final Import for SQL[Oasis Dimensions.ServiceID]']","item/StationId":"@items('Apply_to_each')?['Final Import for SQL[Oasis Dimensions.StationID]']","item/Aircraft_x0020_TypeId":"@items('Apply_to_each')?['Final Import for SQL[Oasis Dimensions.Aircraft Type ID]']","item/Value":"@items('Apply_to_each')?['Final Import for SQL[Value]']"},"retryPolicy":{"type":"fixed","count":90,"interval":"PT5S"},"authentication":"@parameters('$authentication')"}}},"runAfter":{"Parse_JSON":["Succeeded"]},"metadata":{"operationMetadataId":"50eb901b-95fd-42af-ad6f-8b7ac8156086"},"type":"Foreach","runtimeConfiguration":{"concurrency":{"repetitions":8}}},"Run_a_query_against_a_dataset_-_Labor":{"runAfter":{"Delete_DML_Triggers_2":["Succeeded","Skipped","Failed","TimedOut"]},"metadata":{"operationMetadataId":"bb997261-d2d5-43fb-9139-f4d521049fc0"},"type":"OpenApiConnection","inputs":{"host":{"apiId":"/providers/Microsoft.PowerApps/apis/shared_powerbi","connectionName":"shared_powerbi","operationId":"ExecuteDatasetQuery"},"parameters":{"groupid":"myworkspace","datasetid":"eef32cdf-6b7b-4bef-b2b4-9154bb95387b","specification/query":"DEFINE\n\tVAR __DS0Core = \n\t\tSUMMARIZECOLUMNS(\n\t\t\t'Final Import for SQL'[Oasis Dimensions.Account ID],\n\t\t\t'Final Import for SQL'[Oasis Dimensions.Scenario ID],\n\t\t\t'Final Import for SQL'[Oasis Dimensions.StationID],\n\t\t\t'Final Import for SQL'[Oasis Dimensions.TimeID],\n\t\t\t'Final Import for SQL'[Value])\n\nEVALUATE\n\t__DS0Core\n\nORDER BY\n\t'Final Import for SQL'[Oasis Dimensions.Account ID],\n\t'Final Import for SQL'[Oasis Dimensions.Scenario ID],\n\t'Final Import for SQL'[Oasis Dimensions.StationID],\n\t'Final Import for SQL'[Oasis Dimensions.TimeID]\n","specification/serializerSettings/includeNulls":false},"authentication":"@parameters('$authentication')"}},"Parse_JSON_2":{"runAfter":{"Run_a_query_against_a_dataset_-_Labor":["Succeeded"]},"metadata":{"operationMetadataId":"6b9bdd17-5c56-4033-8086-d643a171b33c"},"type":"ParseJson","inputs":{"content":"@body('Run_a_query_against_a_dataset_-_Labor')","schema":{"type":"object","properties":{"statusCode":{"type":"integer"},"headers":{"type":"object","properties":{"Cache-Control":{"type":"string"},"Pragma":{"type":"string"},"Transfer-Encoding":{"type":"string"},"Strict-Transport-Security":{"type":"string"},"X-Frame-Options":{"type":"string"},"X-Content-Type-Options":{"type":"string"},"RequestId":{"type":"string"},"Access-Control-Expose-Headers":{"type":"string"},"Timing-Allow-Origin":{"type":"string"},"x-ms-apihub-cached-response":{"type":"string"},"x-ms-apihub-obo":{"type":"string"},"Date":{"type":"string"},"Content-Type":{"type":"string"},"Content-Length":{"type":"string"}}},"body":{"type":"object","properties":{"results":{"type":"array","items":{"type":"object","properties":{"tables":{"type":"array","items":{"type":"object","properties":{"rows":{"type":"array","items":{"type":"object","properties":{"Final Import for SQL[Oasis Dimensions.Account ID]":{"type":"integer"},"Final Import for SQL[Oasis Dimensions.Scenario ID]":{"type":"integer"},"Final Import for SQL[Oasis Dimensions.StationID]":{"type":"integer"},"Final Import for SQL[Oasis Dimensions.TimeID]":{"type":"integer"},"Final Import for SQL[Value]":{"type":"number"}},"required":["Final Import for SQL[Oasis Dimensions.Account ID]","Final Import for SQL[Oasis Dimensions.Scenario ID]","Final Import for SQL[Oasis Dimensions.StationID]","Final Import for SQL[Oasis Dimensions.TimeID]","Final Import for SQL[Value]"]}}},"required":["rows"]}}},"required":["tables"]}},"firstTableRows":{"type":"array","items":{"type":"object","properties":{"Final Import for SQL[Oasis Dimensions.Account ID]":{"type":"integer"},"Final Import for SQL[Oasis Dimensions.Scenario ID]":{"type":"integer"},"Final Import for SQL[Oasis Dimensions.StationID]":{"type":"integer"},"Final Import for SQL[Oasis Dimensions.TimeID]":{"type":"integer"},"Final Import for SQL[Value]":{"type":"number"}},"required":["Final Import for SQL[Oasis Dimensions.Account ID]","Final Import for SQL[Oasis Dimensions.Scenario ID]","Final Import for SQL[Oasis Dimensions.StationID]","Final Import for SQL[Oasis Dimensions.TimeID]","Final Import for SQL[Value]"]}}}}}}}},"Apply_to_each_2":{"foreach":"@body('Parse_JSON_2')?['firstTableRows']","actions":{"Insert_row_(V2)_2":{"runAfter":{},"metadata":{"operationMetadataId":"a2daa784-f848-4b92-8605-2b8fc5177b8c"},"type":"OpenApiConnection","inputs":{"host":{"apiId":"/providers/Microsoft.PowerApps/apis/shared_sql","connectionName":"shared_sql_1","operationId":"PostItem_V2"},"parameters":{"server":"default","database":"default","table":"F_Target Labor Variance_CoreMG_Import Data","item/AccountId":"@items('Apply_to_each_2')?['Final Import for SQL[Oasis Dimensions.Account ID]']","item/TimeId":"@items('Apply_to_each_2')?['Final Import for SQL[Oasis Dimensions.TimeID]']","item/StationId":"@items('Apply_to_each_2')?['Final Import for SQL[Oasis Dimensions.StationID]']","item/ScenarioId":"@items('Apply_to_each_2')?['Final Import for SQL[Oasis Dimensions.Scenario ID]']","item/Value":"@items('Apply_to_each_2')?['Final Import for SQL[Value]']"},"retryPolicy":{"type":"fixed","count":90,"interval":"PT5S"},"authentication":"@parameters('$authentication')"}}},"runAfter":{"Parse_JSON_2":["Succeeded"]},"metadata":{"operationMetadataId":"2e8a3843-4932-4178-8880-e97e17bdf7ff"},"type":"Foreach","runtimeConfiguration":{"concurrency":{"repetitions":8}}}},"outputs":{}},"connectionReferences":{"shared_sql_1":{"connectionName":"shared-sql-aa11c0fd-c920-47a6-acc4-dca4f9894cd1","source":"Embedded","id":"/providers/Microsoft.PowerApps/apis/shared_sql","tier":"NotSpecified"},"shared_office365":{"connectionName":"cd67452704ea4a3a98f62011631caf1a","source":"Embedded","id":"/providers/Microsoft.PowerApps/apis/shared_office365","tier":"NotSpecified"},"shared_powerbi":{"connectionName":"8f614a0a8ca148d4a2c2758f02e37bda","source":"Embedded","id":"/providers/Microsoft.PowerApps/apis/shared_powerbi","tier":"NotSpecified"}},"flowFailureAlertSubscribed":false,"isManaged":false}}