{"name":"4afcdbe8-5273-4027-8c97-a567b41a4240","id":"/providers/Microsoft.Flow/flows/4afcdbe8-5273-4027-8c97-a567b41a4240","type":"Microsoft.Flow/flows","properties":{"apiId":"/providers/Microsoft.PowerApps/apis/shared_logicflows","displayName":"Step 2: Labor & Sales from Power BI to CSV & Excel","definition":{"metadata":{"workflowEntityId":null,"processAdvisorMetadata":null,"flowChargedByPaygo":null,"flowclientsuspensionreason":"None","flowclientsuspensiontime":null,"flowclientsuspensionreasondetails":null,"creator":{"id":"bda0a41f-632a-458d-9005-3f577f6a47c9","type":"User","tenantId":"7e761206-66fa-448b-a3e6-6c0660e38ed5"},"provisioningMethod":"FromDefinition","failureAlertSubscription":true,"clientLastModifiedTime":"2024-05-09T01:25:02.5943358Z","connectionKeySavedTimeKey":"2024-05-09T01:25:02.5943358Z"},"$schema":"https://schema.management.azure.com/providers/Microsoft.Logic/schemas/2016-06-01/workflowdefinition.json#","contentVersion":"1.0.0.0","parameters":{"$connections":{"defaultValue":{},"type":"Object"},"$authentication":{"defaultValue":{},"type":"SecureObject"}},"triggers":{"Recurrence":{"recurrence":{"frequency":"Day","interval":1,"timeZone":"Central Standard Time","startTime":"2022-07-24T15:00:00.000Z","schedule":{"hours":["5"],"minutes":[14]}},"metadata":{"operationMetadataId":"76ac2883-4335-4289-8621-bf444448a136"},"type":"Recurrence"}},"actions":{"Create_file":{"runAfter":{"converttoCSVTwo":["Succeeded"]},"metadata":{"operationMetadataId":"ebd049c9-d1f9-450b-b001-95e1dbb575ed"},"type":"OpenApiConnection","inputs":{"host":{"apiId":"/providers/Microsoft.PowerApps/apis/shared_sharepointonline","connectionName":"shared_sharepointonline","operationId":"CreateFile"},"parameters":{"dataset":"https://allianceground.sharepoint.com/sites/ATSPowerBIData","folderPath":"/Shared Documents/General/Query Data/Oasis Labor","name":"Oasis Labor Pre Final.csv","body":"@outputs('converttoCSVTwo')"},"authentication":"@parameters('$authentication')"},"runtimeConfiguration":{"contentTransfer":{"transferMode":"Chunked"}}},"MinRows":{"runAfter":{},"metadata":{"operationMetadataId":"2bebdee3-06d7-42f7-9065-4b21b89970da"},"type":"InitializeVariable","inputs":{"variables":[{"name":"MinRows","type":"integer","value":1}]}},"IncrRows":{"runAfter":{"MinRows":["Succeeded"]},"metadata":{"operationMetadataId":"e726ee94-b4ee-48b6-a84e-9ee25a46a6ea"},"type":"InitializeVariable","inputs":{"variables":[{"name":"incrRows","type":"integer","value":20000}]}},"Run_a_query_against_a_dataset_2":{"runAfter":{"IncrRows":["Succeeded"]},"metadata":{"operationMetadataId":"eff721c7-8d30-4686-8f99-941361838ebc"},"type":"OpenApiConnection","inputs":{"host":{"apiId":"/providers/Microsoft.PowerApps/apis/shared_powerbi","connectionName":"shared_powerbi","operationId":"ExecuteDatasetQuery"},"parameters":{"groupid":"myworkspace","datasetid":"27fab382-001f-474a-9a2f-0033af2e2dfb","specification/query":"EVALUATE\n  ROW(\n  \"loopsNeeded\", ROUNDUP(\nCALCULATE(DISTINCTCOUNT('Oasis Import prior to Merge'[Index]))/@{variables('IncrRows')},0)+1\n)","specification/serializerSettings/includeNulls":true},"authentication":"@parameters('$authentication')"}},"Loops2run":{"runAfter":{"Run_a_query_against_a_dataset_2":["Succeeded"]},"metadata":{"operationMetadataId":"e9b073f7-dcfd-43c8-af10-6b6e99993251"},"type":"Compose","inputs":"@outputs('Run_a_query_against_a_dataset_2')?['body/firstTableRows']?[0]?['[loopsNeeded]']"},"LoopsVar":{"runAfter":{"appendCSV":["Succeeded"]},"metadata":{"operationMetadataId":"5119a81f-b328-4e0e-a8c2-c2fa4de3e06e"},"type":"InitializeVariable","inputs":{"variables":[{"name":"LoopsVar","type":"integer","value":1}]}},"Do_until":{"actions":{"Run_a_query_against_a_Oasis_Sales_for_PowerAutomate":{"runAfter":{},"metadata":{"operationMetadataId":"e1009456-49a5-4723-a084-286b8615163f"},"type":"OpenApiConnection","inputs":{"host":{"apiId":"/providers/Microsoft.PowerApps/apis/shared_powerbi","connectionName":"shared_powerbi","operationId":"ExecuteDatasetQuery"},"parameters":{"groupid":"myworkspace","datasetid":"27fab382-001f-474a-9a2f-0033af2e2dfb","specification/query":"// DAX Query\n\nDEFINE\n  VAR __DS0FilterTable = \n  FILTER(KEEPFILTERS(VALUES('Oasis Import prior to Merge'[Index])), and('Oasis Import prior to Merge'[Index] >= @{variables('MinRows')},'Oasis Import prior to Merge'[Index] <= @{variables('incrRows')}))\n\n\n\tVAR __DS0Core = \n\t\tCALCULATETABLE(\n    SUMMARIZECOLUMNS(\n\t\t\t'Oasis Import prior to Merge'[AccountID],\n\t\t\t'Oasis Import prior to Merge'[Aircraft TypeID],\n\t\t\t'Oasis Import prior to Merge'[CustomerID],\n\t\t\t'Oasis Import prior to Merge'[Index],\n\t\t\t'Oasis Import prior to Merge'[ScenarioID],\n\t\t\t'Oasis Import prior to Merge'[ServiceID],\n\t\t\t'Oasis Import prior to Merge'[StationID],\n\t\t\t'Oasis Import prior to Merge'[TimeID],\n\t\t\t'Oasis Import prior to Merge'[Value]\n\t\t),      __DS0FilterTable\n    )\nEVALUATE\n\t__DS0Core\n\nORDER BY\n\t'Oasis Import prior to Merge'[Index]\n","specification/serializerSettings/includeNulls":true},"authentication":"@parameters('$authentication')"}},"Create_CSV_table_2":{"runAfter":{"Run_a_query_against_a_Oasis_Sales_for_PowerAutomate":["Succeeded"]},"metadata":{"operationMetadataId":"c24d8ce4-55ea-4900-96c2-ef5b810c2d4d"},"type":"Table","inputs":{"from":"@outputs('Run_a_query_against_a_Oasis_Sales_for_PowerAutomate')?['body/firstTableRows']","format":"CSV"}},"IncrMinRows":{"runAfter":{"Create_CSV_table_2":["Succeeded"]},"metadata":{"operationMetadataId":"74d06faf-7ba2-4e8e-bbf9-2ad3ba116b53"},"type":"IncrementVariable","inputs":{"name":"MinRows","value":20000}},"IncrRows2":{"runAfter":{"IncrMinRows":["Succeeded"]},"metadata":{"operationMetadataId":"fd2d7576-c6ef-4e40-b373-9efecc5c7590"},"type":"IncrementVariable","inputs":{"name":"incrRows","value":20000}},"IncrLoops":{"runAfter":{"IncrRows2":["Succeeded"]},"metadata":{"operationMetadataId":"8e3be501-fe67-46c0-a232-94c1eb1bf55c"},"type":"IncrementVariable","inputs":{"name":"LoopsVar","value":1}},"Append_to_string_variable":{"runAfter":{"IncrLoops":["Succeeded"]},"metadata":{"operationMetadataId":"9177f2c9-2338-4dd7-a584-76f280b07cd2"},"type":"AppendToStringVariable","inputs":{"name":"appendCSV","value":"@body('Create_CSV_table_2')"}}},"runAfter":{"Delete_file_2":["Succeeded"]},"expression":"@greaterOrEquals(variables('LoopsVar'), outputs('Loops2run'))","limit":{"count":60,"timeout":"PT1H"},"metadata":{"operationMetadataId":"1e37567f-9496-4852-81f3-0be364ff5c52"},"type":"Until"},"appendCSV":{"runAfter":{"Loops2run":["Succeeded"]},"metadata":{"operationMetadataId":"e948d26a-6939-4a00-b7fd-4f110d630710"},"type":"InitializeVariable","inputs":{"variables":[{"name":"appendCSV","type":"string"}]}},"Create_file_2":{"runAfter":{"convertoCSV":["Succeeded"]},"metadata":{"operationMetadataId":"a71b972b-4ae4-4678-ac28-65a3a1d017de"},"type":"OpenApiConnection","inputs":{"host":{"apiId":"/providers/Microsoft.PowerApps/apis/shared_sharepointonline","connectionName":"shared_sharepointonline","operationId":"CreateFile"},"parameters":{"dataset":"https://allianceground.sharepoint.com/sites/ATSPowerBIData","folderPath":"/Shared Documents/General/Query Data/Oasis Sales","name":"Oasis Sales Pre Final.csv","body":"@outputs('convertoCSV')"},"authentication":"@parameters('$authentication')"},"runtimeConfiguration":{"contentTransfer":{"transferMode":"Chunked"}}},"convertoCSV":{"runAfter":{"Do_until":["Succeeded"]},"metadata":{"operationMetadataId":"f759d70b-cde9-41b7-9bdf-09420ea6af87"},"type":"Compose","inputs":"@variables('appendCSV')"},"Delete_file_2":{"runAfter":{"LoopsVar":["Succeeded"]},"metadata":{"%252fShared%2bDocuments%252fGeneral%252fQuery%2bData%252fOasis%2bSales%252fOasis%2bSales%2bPre%2bFinal.csv":"/Shared Documents/General/Query Data/Oasis Sales/Oasis Sales Pre Final.csv","operationMetadataId":"0f032e45-900a-4ff3-bd55-5972a7103108"},"type":"OpenApiConnection","inputs":{"host":{"apiId":"/providers/Microsoft.PowerApps/apis/shared_sharepointonline","connectionName":"shared_sharepointonline","operationId":"DeleteFile"},"parameters":{"dataset":"https://allianceground.sharepoint.com/sites/ATSPowerBIData","id":"%252fShared%2bDocuments%252fGeneral%252fQuery%2bData%252fOasis%2bSales%252fOasis%2bSales%2bPre%2bFinal.csv"},"authentication":"@parameters('$authentication')"}},"MinRowsTwo":{"runAfter":{},"metadata":{"operationMetadataId":"e1ef5566-a810-4af9-9623-05a21a03e7e9"},"type":"InitializeVariable","inputs":{"variables":[{"name":"MinRowsTwo","type":"integer","value":1}]}},"IncrRowsTwo":{"runAfter":{"MinRowsTwo":["Succeeded"]},"metadata":{"operationMetadataId":"fe5d50fb-2a78-4b92-adc1-b1752a8b101a"},"type":"InitializeVariable","inputs":{"variables":[{"name":"IncrRowsTwo","type":"integer","value":20000}]}},"Run_a_query_against_a_dataset_Two":{"runAfter":{"IncrRowsTwo":["Succeeded"]},"metadata":{"operationMetadataId":"a23abdb3-affe-41d2-b163-85c7b257552d"},"type":"OpenApiConnection","inputs":{"host":{"apiId":"/providers/Microsoft.PowerApps/apis/shared_powerbi","connectionName":"shared_powerbi","operationId":"ExecuteDatasetQuery"},"parameters":{"groupid":"myworkspace","datasetid":"eef32cdf-6b7b-4bef-b2b4-9154bb95387b","specification/query":"EVALUATE\n  ROW(\n  \"loopsNeeded\", ROUNDUP(\nCALCULATE(DISTINCTCOUNT('Oasis Labor Format'[Index]))/@{variables('IncrRowsTwo')},0)+1\n)","specification/serializerSettings/includeNulls":false},"authentication":"@parameters('$authentication')"}},"Loops2runTwo":{"runAfter":{"Run_a_query_against_a_dataset_Two":["Succeeded"]},"metadata":{"operationMetadataId":"4fd12c58-82fe-468f-86fb-be29bec4e220"},"type":"Compose","inputs":"@outputs('Run_a_query_against_a_dataset_Two')?['body/firstTableRows']?[0]?['[loopsNeeded]']"},"LoopsVarTwo":{"runAfter":{"appendCSVTwo":["Succeeded"]},"metadata":{"operationMetadataId":"af0f52fa-174c-4ae1-b1a5-c5c01931d25d"},"type":"InitializeVariable","inputs":{"variables":[{"name":"LoopsVarTwo","type":"integer","value":1}]}},"appendCSVTwo":{"runAfter":{"Loops2runTwo":["Succeeded"]},"metadata":{"operationMetadataId":"e1ad1c44-f75f-4876-8356-10eca815154e"},"type":"InitializeVariable","inputs":{"variables":[{"name":"appendCSVTwo","type":"string"}]}},"Delete_file_Two":{"runAfter":{"LoopsVarTwo":["Succeeded"]},"metadata":{"%252fShared%2bDocuments%252fGeneral%252fQueries%252fOasis%2bLabor%252fOasis%2bLabor%2bTest.csv":"/Shared Documents/General/Queries/Oasis Labor/Oasis Labor Test.csv","operationMetadataId":"6ba295cc-190b-4407-85a8-4b4b65d279a5","%252fShared%2bDocuments%252fGeneral%252fQuery%2bData%252fOasis%2bLabor%252fOasis%2bLabor%2bTest.csv":"/Shared Documents/General/Query Data/Oasis Labor/Oasis Labor Test.csv","%252fShared%2bDocuments%252fGeneral%252fQuery%2bData%252fOasis%2bLabor%252fOasis%2bLabor%2bPre%2bFinal.csv":"/Shared Documents/General/Query Data/Oasis Labor/Oasis Labor Pre Final.csv"},"type":"OpenApiConnection","inputs":{"host":{"apiId":"/providers/Microsoft.PowerApps/apis/shared_sharepointonline","connectionName":"shared_sharepointonline","operationId":"DeleteFile"},"parameters":{"dataset":"https://allianceground.sharepoint.com/sites/ATSPowerBIData","id":"%252fShared%2bDocuments%252fGeneral%252fQuery%2bData%252fOasis%2bLabor%252fOasis%2bLabor%2bPre%2bFinal.csv"},"authentication":"@parameters('$authentication')"}},"Do_until_2":{"actions":{"Run_a_query_against_a_Oasis_Labor_for_PowerAutomate":{"runAfter":{},"metadata":{"operationMetadataId":"fe736ef3-88c1-45ff-a431-1360b8b7d1eb"},"type":"OpenApiConnection","inputs":{"host":{"apiId":"/providers/Microsoft.PowerApps/apis/shared_powerbi","connectionName":"shared_powerbi","operationId":"ExecuteDatasetQuery"},"parameters":{"groupid":"myworkspace","datasetid":"eef32cdf-6b7b-4bef-b2b4-9154bb95387b","specification/query":"// DAX Query\nDEFINE\n  VAR __DS0FilterTable = \n  FILTER(KEEPFILTERS(VALUES('Oasis Labor Format'[Index])), and('Oasis Labor Format'[Index] >=@{variables('MinRowsTwo')} ,'Oasis Labor Format'[Index] <=@{variables('IncrRowsTwo')} ))\n\n\tVAR __DS0Core = \n\t\tCALCULATETABLE(\n    SUMMARIZECOLUMNS(\n\t\t\t'Oasis Labor Format'[AccountID],\n\t\t\t'Oasis Labor Format'[Index],\n\t\t\t'Oasis Labor Format'[ScenarioID],\n\t\t\t'Oasis Labor Format'[StationID],\n\t\t\t'Oasis Labor Format'[TimeID],\n\t\t\t'Oasis Labor Format'[Value]\n\t\t),      __DS0FilterTable\n    )\n\nEVALUATE\n\t__DS0Core\n\nORDER BY\n\t'Oasis Labor Format'[Index]","specification/serializerSettings/includeNulls":true},"authentication":"@parameters('$authentication')"}},"Create_CSV_table_Two":{"runAfter":{"Run_a_query_against_a_Oasis_Labor_for_PowerAutomate":["Succeeded"]},"metadata":{"operationMetadataId":"8c497519-d105-48c0-8494-98d9324a2139"},"type":"Table","inputs":{"from":"@outputs('Run_a_query_against_a_Oasis_Labor_for_PowerAutomate')?['body/firstTableRows']","format":"CSV"}},"IncrMinRowsTwo":{"runAfter":{"Create_CSV_table_Two":["Succeeded"]},"metadata":{"operationMetadataId":"6b017f2a-67fb-48ab-9cb8-9f834e9dd173"},"type":"IncrementVariable","inputs":{"name":"MinRowsTwo","value":20000}},"IncrRows2Two":{"runAfter":{"IncrMinRowsTwo":["Succeeded"]},"metadata":{"operationMetadataId":"b033617e-e2ab-4de9-8d88-6fc00f8d45c5"},"type":"IncrementVariable","inputs":{"name":"IncrRowsTwo","value":20000}},"IncrLoopsTwo":{"runAfter":{"IncrRows2Two":["Succeeded"]},"metadata":{"operationMetadataId":"3e46c1ee-c357-4c03-a696-44b69ae9ec1e"},"type":"IncrementVariable","inputs":{"name":"LoopsVarTwo","value":1}},"Append_to_string_variable_Two":{"runAfter":{"IncrLoopsTwo":["Succeeded"]},"metadata":{"operationMetadataId":"97183f3a-bea1-452a-959a-d384e18cd393"},"type":"AppendToStringVariable","inputs":{"name":"appendCSVTwo","value":"@body('Create_CSV_table_Two')"}}},"runAfter":{"Delete_file_Two":["Succeeded"]},"expression":"@greaterOrEquals(variables('LoopsVarTwo'), outputs('Loops2runTwo'))","limit":{"count":60,"timeout":"PT1H"},"metadata":{"operationMetadataId":"b1dcc7a1-cc61-4b34-95c0-9c7adeb2854b"},"type":"Until"},"converttoCSVTwo":{"runAfter":{"Do_until_2":["Succeeded"]},"metadata":{"operationMetadataId":"82a4af41-1b1d-46cd-b88a-50abeef40db2"},"type":"Compose","inputs":"@variables('appendCSVTwo')"}}},"connectionReferences":{"shared_sharepointonline":{"connectionName":"9c8da7433f7a4f6f8a9523a9d23238af","source":"Embedded","id":"/providers/Microsoft.PowerApps/apis/shared_sharepointonline","tier":"NotSpecified"},"shared_powerbi":{"connectionName":"8f614a0a8ca148d4a2c2758f02e37bda","source":"Embedded","id":"/providers/Microsoft.PowerApps/apis/shared_powerbi","tier":"NotSpecified"}},"flowFailureAlertSubscribed":false,"isManaged":false}}